{
  "best_val_acc": 0.09090909090909091,
  "test_acc": 0.34782608695652173,
  "test_f1": 0.17952314165497896,
  "best_params": null,
  "model_params": {
    "input_dim": 2000,
    "hidden_dims": [
      512,
      256,
      128
    ],
    "num_classes": 5,
    "dropout": 0.3,
    "conv_type": "Transformer",
    "num_heads": 8,
    "pooling_method": "attention"
  },
  "train_losses": [
    191.61692782810755,
    1.609341365950448,
    1.6083363464900426,
    1.6082241875784737,
    1.608497943196978,
    1.6078033447265625,
    1.606886523110526,
    1.6064844472067696,
    1.6073706831250871,
    1.6071294716426305,
    1.607468741280692,
    1.604799543108259,
    1.6070550850459508,
    1.606348020689828,
    1.6055494887488229,
    1.6062555653708321,
    1.6061463015420097,
    1.6046594381332397,
    1.6053721564156669,
    1.6060858454023088,
    1.603957942553929,
    1.604003139904567,
    1.606534719467163,
    1.6073041302817208,
    1.6040069546018327,
    1.6051531859806605,
    1.6065830503191267,
    1.6050841127123152,
    1.606017998286656,
    1.603745971407209,
    1.605277112552098,
    1.6051817451204573,
    1.6036319732666016,
    1.6057351997920446,
    1.6037502799715315,
    1.6066804443086897,
    1.605195198740278,
    1.6058040687016077,
    1.6058331046785628,
    1.6058016334261214,
    1.60464266368321,
    1.6066603660583496,
    1.6080230133874076,
    1.6021827289036341,
    1.6048207112721034,
    1.6023552417755127,
    1.6068952935082572,
    1.6045178174972534,
    1.6040842362812586,
    1.6070432152066911
  ],
  "val_losses": [
    1.6120430827140808,
    1.6130667924880981,
    1.614057183265686,
    1.6155394911766052,
    1.6168843507766724,
    1.6181493401527405,
    1.6193569898605347,
    1.6205337643623352,
    1.6220340132713318,
    1.6228681802749634,
    1.6238008737564087,
    1.6244707107543945,
    1.6258853077888489,
    1.626575231552124,
    1.6273012161254883,
    1.628308653831482,
    1.6292502880096436,
    1.6296279430389404,
    1.6303425431251526,
    1.6309160590171814,
    1.6313598155975342,
    1.631976068019867,
    1.6327653527259827,
    1.6329862475395203,
    1.6332103610038757,
    1.6334345936775208,
    1.6338347792625427,
    1.6340726613998413,
    1.6340485215187073,
    1.6342796683311462,
    1.6345462203025818,
    1.634739100933075,
    1.6349492073059082,
    1.6351206302642822,
    1.6352220177650452,
    1.635506272315979,
    1.6355208158493042,
    1.6356733441352844,
    1.6358192563056946,
    1.6357607245445251,
    1.635803461074829,
    1.6357911825180054,
    1.6358036994934082,
    1.6358020901679993,
    1.6358430981636047,
    1.6358638405799866,
    1.6358858346939087,
    1.6358895897865295,
    1.6358916759490967,
    1.635892391204834
  ],
  "val_accs": [
    0.09090909090909091,
    0.045454545454545456,
    0.045454545454545456,
    0.045454545454545456,
    0.045454545454545456,
    0.045454545454545456,
    0.045454545454545456,
    0.045454545454545456,
    0.045454545454545456,
    0.045454545454545456,
    0.045454545454545456,
    0.045454545454545456,
    0.045454545454545456,
    0.045454545454545456,
    0.045454545454545456,
    0.045454545454545456,
    0.045454545454545456,
    0.045454545454545456,
    0.045454545454545456,
    0.045454545454545456,
    0.045454545454545456,
    0.045454545454545456,
    0.045454545454545456,
    0.045454545454545456,
    0.045454545454545456,
    0.045454545454545456,
    0.045454545454545456,
    0.045454545454545456,
    0.045454545454545456,
    0.045454545454545456,
    0.045454545454545456,
    0.045454545454545456,
    0.045454545454545456,
    0.045454545454545456,
    0.045454545454545456,
    0.045454545454545456,
    0.045454545454545456,
    0.045454545454545456,
    0.045454545454545456,
    0.045454545454545456,
    0.045454545454545456,
    0.045454545454545456,
    0.045454545454545456,
    0.045454545454545456,
    0.045454545454545456,
    0.045454545454545456,
    0.045454545454545456,
    0.045454545454545456,
    0.045454545454545456,
    0.045454545454545456
  ]
}