{
  "best_val_acc": 0.14285714285714285,
  "test_acc": 0.0,
  "test_f1": 0.0,
  "best_params": null,
  "model_params": {
    "input_dim": 2000,
    "hidden_dims": [
      512,
      256,
      128
    ],
    "num_classes": 5,
    "dropout": 0.3,
    "conv_type": "Transformer",
    "num_heads": 8,
    "pooling_method": "attention"
  },
  "train_losses": [
    57.749675273895264,
    1.6095267534255981,
    1.609510064125061,
    1.6093271374702454,
    1.6093065738677979,
    1.6094284057617188,
    1.6100195050239563,
    1.6093286871910095,
    1.610249936580658,
    1.609898567199707,
    1.6092532277107239,
    1.608987808227539,
    1.6090059280395508,
    1.6088457107543945,
    1.6085817217826843,
    1.6093075275421143,
    1.6091421842575073,
    1.6092213988304138,
    1.6094540357589722,
    1.6086429953575134,
    1.609622061252594,
    1.6100417971611023,
    1.6097802519798279,
    1.608389973640442,
    1.6081558465957642,
    1.609693169593811,
    1.6092972159385681,
    1.6110581159591675,
    1.608340322971344,
    1.6092289090156555,
    1.6091157793998718,
    1.6083617210388184,
    1.6104962229728699,
    1.60811185836792,
    1.6079297065734863,
    1.609058678150177,
    1.6080785393714905,
    1.6066555380821228,
    1.610243022441864,
    1.6128802299499512,
    1.6075881719589233,
    1.6087389588356018,
    1.6106632947921753,
    1.6095674633979797,
    1.608547866344452,
    1.6101157069206238,
    1.607376515865326,
    1.6083256602287292,
    1.6073893308639526,
    1.6056033372879028,
    1.6078630089759827,
    1.6073390245437622,
    1.6094890236854553,
    1.6080516576766968,
    1.6085344552993774,
    1.6091652512550354,
    1.60993093252182,
    1.6083971858024597,
    1.6082499027252197,
    1.6070131659507751,
    1.6093230247497559,
    1.608577013015747,
    1.6061413288116455,
    1.6070293188095093,
    1.6091376543045044,
    1.607772409915924,
    1.609519898891449,
    1.6041449308395386,
    1.6101144552230835,
    1.606011152267456,
    1.6093325018882751,
    1.6071369647979736,
    1.607093870639801,
    1.6058000922203064,
    1.606351613998413,
    1.6068753004074097,
    1.6071544289588928,
    1.6082097887992859,
    1.6065371632575989,
    1.6076018810272217,
    1.6100648045539856,
    1.6080200672149658,
    1.6027498841285706,
    1.6079434752464294,
    1.6079043745994568,
    1.6082419753074646,
    1.6078739762306213,
    1.6080345511436462,
    1.6069283485412598,
    1.6085351705551147,
    1.607228934764862,
    1.6073484420776367,
    1.604524314403534,
    1.6080664992332458,
    1.6076931357383728,
    1.6075711250305176,
    1.6088579893112183,
    1.6055859923362732,
    1.607052743434906,
    1.6069477796554565
  ],
  "val_losses": [
    1.6094669103622437,
    1.6095401048660278,
    1.6096857786178589,
    1.6098421812057495,
    1.6100023984909058,
    1.610147476196289,
    1.6102296113967896,
    1.6102697849273682,
    1.6102755069732666,
    1.6102317571640015,
    1.6101967096328735,
    1.610194444656372,
    1.610229730606079,
    1.6102951765060425,
    1.6103830337524414,
    1.6104823350906372,
    1.6105884313583374,
    1.610700011253357,
    1.6107985973358154,
    1.610884428024292,
    1.6109625101089478,
    1.6110113859176636,
    1.611025094985962,
    1.611041784286499,
    1.6110869646072388,
    1.6111396551132202,
    1.6111783981323242,
    1.611183762550354,
    1.611175298690796,
    1.611172080039978,
    1.611155390739441,
    1.6111419200897217,
    1.6111353635787964,
    1.6111406087875366,
    1.611175775527954,
    1.611234426498413,
    1.6113051176071167,
    1.6113828420639038,
    1.6114435195922852,
    1.611458420753479,
    1.6114559173583984,
    1.6114670038223267,
    1.6114625930786133,
    1.6114463806152344,
    1.6114284992218018,
    1.611397385597229,
    1.6113642454147339,
    1.6113442182540894,
    1.6113364696502686,
    1.6113507747650146,
    1.6113760471343994,
    1.611404538154602,
    1.6114304065704346,
    1.611448049545288,
    1.611458659172058,
    1.6114760637283325,
    1.6115057468414307,
    1.6115425825119019,
    1.6115787029266357,
    1.611612319946289,
    1.6116360425949097,
    1.6116515398025513,
    1.611676573753357,
    1.6117095947265625,
    1.611743688583374,
    1.611776351928711,
    1.6118028163909912,
    1.6118243932724,
    1.6118472814559937,
    1.6118720769882202,
    1.6118955612182617,
    1.6119188070297241,
    1.6119424104690552,
    1.611965298652649,
    1.6119860410690308,
    1.612004280090332,
    1.612022042274475,
    1.6120370626449585,
    1.6120492219924927,
    1.6120632886886597,
    1.612075686454773,
    1.6120860576629639,
    1.6120957136154175,
    1.6121037006378174,
    1.6121100187301636,
    1.6121150255203247,
    1.612119436264038,
    1.6121236085891724,
    1.6121265888214111,
    1.6121288537979126,
    1.612131118774414,
    1.612133264541626,
    1.6121355295181274,
    1.612136960029602,
    1.6121379137039185,
    1.6121389865875244,
    1.612139344215393,
    1.6121395826339722,
    1.6121395826339722,
    1.6121395826339722
  ],
  "val_accs": [
    0.14285714285714285,
    0.14285714285714285,
    0.14285714285714285,
    0.14285714285714285,
    0.14285714285714285,
    0.14285714285714285,
    0.14285714285714285,
    0.14285714285714285,
    0.14285714285714285,
    0.14285714285714285,
    0.14285714285714285,
    0.14285714285714285,
    0.14285714285714285,
    0.14285714285714285,
    0.14285714285714285,
    0.14285714285714285,
    0.14285714285714285,
    0.14285714285714285,
    0.14285714285714285,
    0.14285714285714285,
    0.14285714285714285,
    0.14285714285714285,
    0.14285714285714285,
    0.14285714285714285,
    0.14285714285714285,
    0.14285714285714285,
    0.14285714285714285,
    0.14285714285714285,
    0.14285714285714285,
    0.14285714285714285,
    0.14285714285714285,
    0.14285714285714285,
    0.14285714285714285,
    0.14285714285714285,
    0.14285714285714285,
    0.14285714285714285,
    0.14285714285714285,
    0.14285714285714285,
    0.14285714285714285,
    0.14285714285714285,
    0.14285714285714285,
    0.14285714285714285,
    0.14285714285714285,
    0.14285714285714285,
    0.14285714285714285,
    0.14285714285714285,
    0.14285714285714285,
    0.14285714285714285,
    0.14285714285714285,
    0.14285714285714285,
    0.14285714285714285,
    0.14285714285714285,
    0.14285714285714285,
    0.14285714285714285,
    0.14285714285714285,
    0.14285714285714285,
    0.14285714285714285,
    0.14285714285714285,
    0.14285714285714285,
    0.14285714285714285,
    0.14285714285714285,
    0.14285714285714285,
    0.14285714285714285,
    0.14285714285714285,
    0.14285714285714285,
    0.14285714285714285,
    0.14285714285714285,
    0.14285714285714285,
    0.14285714285714285,
    0.14285714285714285,
    0.14285714285714285,
    0.14285714285714285,
    0.14285714285714285,
    0.14285714285714285,
    0.14285714285714285,
    0.14285714285714285,
    0.14285714285714285,
    0.14285714285714285,
    0.14285714285714285,
    0.14285714285714285,
    0.14285714285714285,
    0.14285714285714285,
    0.14285714285714285,
    0.14285714285714285,
    0.14285714285714285,
    0.14285714285714285,
    0.14285714285714285,
    0.14285714285714285,
    0.14285714285714285,
    0.14285714285714285,
    0.14285714285714285,
    0.14285714285714285,
    0.14285714285714285,
    0.14285714285714285,
    0.14285714285714285,
    0.14285714285714285,
    0.14285714285714285,
    0.14285714285714285,
    0.14285714285714285,
    0.14285714285714285
  ]
}