{
  "best_val_accuracy": 0.9901333333333333,
  "best_epoch": 18,
  "test_accuracy": 0.9869333333333333,
  "test_f1_macro": 0.9130138596705085,
  "test_f1_weighted": 0.9873747771713348,
  "epochs_trained": 28,
  "dataset_size": 50000,
  "num_features": 28991,
  "num_classes": 11,
  "detailed_classification_report": {
    "Adipocyte": {
      "precision": 0.7727272727272727,
      "recall": 0.8947368421052632,
      "f1-score": 0.8292682926829268,
      "support": 19.0
    },
    "Cardiomyocyte": {
      "precision": 0.999465811965812,
      "recall": 0.9978666666666667,
      "f1-score": 0.9986655991459834,
      "support": 3750.0
    },
    "Cycling cells": {
      "precision": 0.8295454545454546,
      "recall": 0.8690476190476191,
      "f1-score": 0.8488372093023255,
      "support": 84.0
    },
    "Endothelial": {
      "precision": 0.9907216494845361,
      "recall": 0.9917440660474717,
      "f1-score": 0.9912325941206808,
      "support": 969.0
    },
    "Fibroblast": {
      "precision": 0.9834293948126801,
      "recall": 0.9884141926140478,
      "f1-score": 0.9859154929577465,
      "support": 1381.0
    },
    "Lymphoid": {
      "precision": 0.9931506849315068,
      "recall": 0.9354838709677419,
      "f1-score": 0.9634551495016611,
      "support": 155.0
    },
    "Mast": {
      "precision": 0.4857142857142857,
      "recall": 0.8095238095238095,
      "f1-score": 0.6071428571428571,
      "support": 21.0
    },
    "Myeloid": {
      "precision": 0.9869706840390879,
      "recall": 0.9742765273311897,
      "f1-score": 0.9805825242718447,
      "support": 622.0
    },
    "Neuronal": {
      "precision": 0.972972972972973,
      "recall": 0.9863013698630136,
      "f1-score": 0.9795918367346939,
      "support": 73.0
    },
    "Pericyte": {
      "precision": 0.9939393939393939,
      "recall": 0.956268221574344,
      "f1-score": 0.974739970282318,
      "support": 343.0
    },
    "vSMCs": {
      "precision": 0.8539325842696629,
      "recall": 0.9156626506024096,
      "f1-score": 0.8837209302325582,
      "support": 83.0
    },
    "accuracy": 0.9869333333333333,
    "macro avg": {
      "precision": 0.8965972899456969,
      "recall": 0.938120530576689,
      "f1-score": 0.9130138596705085,
      "support": 7500.0
    },
    "weighted avg": {
      "precision": 0.9881792625468766,
      "recall": 0.9869333333333333,
      "f1-score": 0.9873747771713348,
      "support": 7500.0
    }
  },
  "experiment_name": "large_pseudo_spatial_gnn_20250910_190250",
  "wandb_url": "https://wandb.ai/tumokgabeng-university-of-south-africa/hybrid-gnn-rnn-cardiac-spatial/runs/8s4i1dz5"
}