{
  "test_accuracy": 0.9583461141227663,
  "best_val_accuracy": 0.9590074673491428,
  "total_parameters": 56752445,
  "training_history": {
    "train_losses": [
      0.28142952443437375,
      0.1421332949019493,
      0.14029742404818535,
      0.13930702098506562,
      0.1388349155796335,
      0.1382037603316155,
      0.13779234141111374,
      0.13758095821484606,
      0.13731386591779424,
      0.1370490345549076,
      0.13680068268737894,
      0.13679021628613167,
      0.1366710398108401,
      0.13640152892850815,
      0.13633910962875853,
      0.13623807373199057,
      0.13605994976898458,
      0.1360553523644488,
      0.13596809948695468,
      0.135831262995588,
      0.13543745233340465,
      0.13526056025256503,
      0.13512443774875174,
      0.1350944715928524,
      0.1350876159490423,
      0.1350967955399067,
      0.13501532130101893,
      0.13494000354028762,
      0.13496014848351479,
      0.13494253539024514
    ],
    "val_losses": [
      0.135197535689388,
      0.13458950551492826,
      0.1344717831483909,
      0.13448865658470563,
      0.1348151011126382,
      0.1344433676983629,
      0.13496188925845282,
      0.134284463844129,
      0.13434907687561853,
      0.1342960675912244,
      0.13440066895314626,
      0.1343106164463929,
      0.13430766708084516,
      0.13425862895590918,
      0.1343184576502868,
      0.1343836294753211,
      0.1345285778599126,
      0.1343707431639944,
      0.13444205905709947,
      0.13452066108584404,
      0.13414275380117552,
      0.13409400465232985,
      0.13405449741653033,
      0.13403508333223207,
      0.13402498673115457,
      0.1340607197156974,
      0.13402932935527392,
      0.13400170260242053,
      0.1340050207717078,
      0.13400392500417574
    ],
    "val_accuracies": [
      0.9589198362423011,
      0.9589266927599264,
      0.9589185731995807,
      0.9589279558026468,
      0.9589301811636304,
      0.95892061812589,
      0.9589284369617784,
      0.9589378195648445,
      0.9589427514459433,
      0.9589431123152921,
      0.9589293992800416,
      0.9589250688478572,
      0.9589358949283181,
      0.9589275347884066,
      0.9589487057901969,
      0.958942029707246,
      0.9589371579710385,
      0.9589472021679106,
      0.9589410673889828,
      0.9589477434719337,
      0.9589926115609548,
      0.9589861760575698,
      0.95898701808605,
      0.958994235473024,
      0.9589969419931391,
      0.9589948369219384,
      0.9590005506866262,
      0.9590011521355406,
      0.9590031369169584,
      0.9590074673491428
    ]
  },
  "confusion_matrix": [
    [
      63400,
      631184,
      24314
    ],
    [
      35943,
      31778416,
      15709
    ],
    [
      54645,
      623323,
      26098
    ]
  ],
  "classification_report": {
    "DOWN": {
      "precision": 0.4117203937969192,
      "recall": 0.08819053607048566,
      "f1-score": 0.1452652465499504,
      "support": 718898.0
    },
    "STABLE": {
      "precision": 0.9620225252243042,
      "recall": 0.9983772576294841,
      "f1-score": 0.9798628003448068,
      "support": 31830068.0
    },
    "UP": {
      "precision": 0.3947006246124529,
      "recall": 0.03706754764468104,
      "f1-score": 0.06777055442379577,
      "support": 704066.0
    },
    "accuracy": 0.9583461141227663,
    "macro avg": {
      "precision": 0.5894811812112254,
      "recall": 0.3745451137815503,
      "f1-score": 0.39763286710618434,
      "support": 33253032.0
    },
    "weighted avg": {
      "precision": 0.938113632857585,
      "recall": 0.9583461141227663,
      "f1-score": 0.9425079013556067,
      "support": 33253032.0
    }
  },
  "dataset_info": {
    "total_samples": 4280,
    "features": 38847,
    "cardiac_markers": 13,
    "validation_passed": true
  },
  "training_timestamp": "2025-09-11T14:52:35.889875"
}