{
  "test_accuracy": 0.9623847037722667,
  "best_val_accuracy": 0.9624672817441106,
  "total_parameters": 28665789,
  "training_history": {
    "train_losses": [
      0.1740120259772976,
      0.16894275516517893,
      0.16849164631084307,
      0.16824243688550533,
      0.16804001371968877,
      0.16789954977505134,
      0.16758066605437885,
      0.16721080622479279,
      0.16692982834889541,
      0.16669954418232946,
      0.1665407186245787,
      0.1664781319988332
    ],
    "val_losses": [
      0.42833253729779824,
      0.4285709780994408,
      0.42755590014604705,
      0.4280785271083229,
      0.42740758386420835,
      0.42706117768967544,
      0.4258689440514081,
      0.42516332221628383,
      0.42462048181449286,
      0.42443049752183964,
      0.4238742829976973,
      0.42386785936263716
    ],
    "val_accuracies": [
      0.962066479493033,
      0.9621673905440633,
      0.962262800740567,
      0.962123256502529,
      0.9622050247039096,
      0.9619481475180509,
      0.9624672817441106,
      0.9622823965652652,
      0.9623196398014394,
      0.9622108916615575,
      0.9623472992025135,
      0.9624480985610662
    ]
  },
  "confusion_matrix": [
    [
      29480641,
      5415221,
      3067750
    ],
    [
      3395393,
      571848990,
      3360648
    ],
    [
      3608177,
      5400651,
      19049647
    ]
  ],
  "classification_report": {
    "DOWN": {
      "precision": 0.8080383319787291,
      "recall": 0.7765499499889525,
      "f1-score": 0.7919812779481812,
      "support": 37963612.0
    },
    "STABLE": {
      "precision": 0.9814372331242449,
      "recall": 0.9883235702456241,
      "f1-score": 0.984868364274385,
      "support": 578605031.0
    },
    "UP": {
      "precision": 0.7476887257244423,
      "recall": 0.6789266701059128,
      "f1-score": 0.711650551810241,
      "support": 28058475.0
    },
    "accuracy": 0.9623847037722667,
    "macro avg": {
      "precision": 0.8457214302758055,
      "recall": 0.8146000634468299,
      "f1-score": 0.8295000646776023,
      "support": 644627118.0
    },
    "weighted avg": {
      "precision": 0.96105106740374,
      "recall": 0.9623847037722667,
      "f1-score": 0.9616165257352586,
      "support": 644627118.0
    }
  },
  "dataset_info": {
    "total_samples": 82970,
    "features": 38847,
    "cardiac_markers": 13,
    "validation_passed": true
  },
  "training_timestamp": "2025-09-12T17:25:50.205554"
}