{
  "results": {
    "test_accuracy": 0.905373831775701,
    "classification_report": {
      "DOWN": {
        "precision": 0.10344827586206896,
        "recall": 0.15789473684210525,
        "f1-score": 0.125,
        "support": 19.0
      },
      "STABLE": {
        "precision": 0.9722572509457755,
        "recall": 0.9300361881785284,
        "f1-score": 0.9506781750924784,
        "support": 829.0
      },
      "UP": {
        "precision": 0.029411764705882353,
        "recall": 0.125,
        "f1-score": 0.047619047619047616,
        "support": 8.0
      },
      "accuracy": 0.905373831775701,
      "macro avg": {
        "precision": 0.36837243050457563,
        "recall": 0.40431030834021126,
        "f1-score": 0.3744324075705087,
        "support": 856.0
      },
      "weighted avg": {
        "precision": 0.9441612995246196,
        "recall": 0.905373831775701,
        "f1-score": 0.9239114013231507,
        "support": 856.0
      }
    },
    "improvement_analysis": {
      "up_recall_improvement": 237.83783783783784,
      "down_recall_improvement": 87.96992481203006
    }
  },
  "training_history": {
    "train_losses": [
      0.47826523238674123,
      0.4475828175373534,
      0.4736415490785495,
      0.4262272079098732,
      0.3959970158782411,
      0.3452648924703294
    ],
    "val_losses": [
      1.1827973638262068,
      1.2950738881315504,
      1.534781850874424,
      1.2607462321008955,
      1.3964981106775147,
      1.6252290340406554
    ],
    "val_accuracies": [
      0.9532710280373832,
      0.9532710280373832,
      0.9532710280373832,
      0.9532710280373832,
      0.9299065420560748,
      0.8925233644859814
    ],
    "up_recalls": [
      0.0,
      0.0,
      0.0,
      0.0,
      0.0,
      0.0
    ],
    "down_recalls": [
      0.0,
      0.0,
      0.0,
      0.0,
      0.0,
      0.0
    ]
  },
  "timestamp": "2025-09-12T12:16:49.083106"
}