{
  "train_losses": [
    0.9138406743394568,
    0.7631569121112215,
    0.7577217192725932,
    0.6521875192510321,
    0.6405398680808696,
    0.5576439268411474,
    0.5970923700865279,
    0.4882383075483302
  ],
  "val_losses": [
    1.0487134882381983,
    1.1577099221093314,
    1.3329991613115584,
    1.6336617469787598,
    2.809826033455985,
    2.169215406690325,
    2.3934817825044905,
    2.2934627532958984
  ],
  "val_accuracies": [
    0.4672897196261682,
    0.42990654205607476,
    0.40654205607476634,
    0.3925233644859813,
    0.5163551401869159,
    0.5420560747663551,
    0.5537383177570093,
    0.544392523364486
  ],
  "learning_rates": [
    0.001,
    0.001,
    0.001,
    0.001,
    0.001,
    0.0005,
    0.0005,
    0.0005
  ],
  "final_test_accuracy": 0.5630841121495327,
  "final_val_accuracy": 0.4672897196261682,
  "model_parameters": 8586803,
  "feature_reduction": "38847 \u2192 5000",
  "classification_report": "              precision    recall  f1-score   support\n\n        DOWN       0.71      0.68      0.69       355\n      STABLE       0.00      0.00      0.00       180\n          UP       0.47      0.75      0.58       321\n\n    accuracy                           0.56       856\n   macro avg       0.39      0.48      0.42       856\nweighted avg       0.47      0.56      0.50       856\n",
  "architecture": "Enhanced Temporal RNN with Attention + Multi-scale Convolutions"
}