{
  "train_losses": [
    0.5437710110811477,
    0.386075607322632,
    0.29123314406643525,
    0.22796802547700862,
    0.17674026178552749,
    0.11183559462586616
  ],
  "val_losses": [
    0.8455606017793927,
    1.0072952934673853,
    1.4030304636274065,
    1.497526730809893,
    1.8906868185315813,
    1.992925695010594
  ],
  "val_accuracies": [
    0.5514018691588785,
    0.5093457943925234,
    0.5327102803738317,
    0.5350467289719626,
    0.5327102803738317,
    0.5350467289719626
  ],
  "learning_rates": [
    0.001,
    0.001,
    0.001,
    0.001,
    0.001,
    0.0005
  ],
  "final_test_accuracy": 0.5549065420560748,
  "final_val_accuracy": 0.5514018691588785,
  "model_parameters": 7059715,
  "feature_reduction": "38847 \u2192 5000",
  "classification_report": "              precision    recall  f1-score   support\n\n        DOWN       0.73      0.70      0.71       355\n      STABLE       0.42      0.41      0.41       180\n          UP       0.45      0.48      0.47       321\n\n    accuracy                           0.55       856\n   macro avg       0.53      0.53      0.53       856\nweighted avg       0.56      0.55      0.56       856\n",
  "architecture": "LSTM Trajectory Model (Input Projection + LSTM + Classifier)"
}