{
  "timestamp": "20250920_222503",
  "config": {
    "batch_size": 16,
    "learning_rate": 0.001,
    "weight_decay": 0.001,
    "num_epochs": 30,
    "patience": 8,
    "gradient_clip": 0.5,
    "use_focal_loss": true,
    "focal_alpha": 1.0,
    "focal_gamma": 3.0,
    "use_class_weights": true,
    "lr_scheduler": {
      "type": "ReduceLROnPlateau",
      "factor": 0.3,
      "patience": 4,
      "min_lr": 1e-07
    },
    "device": "cpu"
  },
  "training_results": {
    "train_losses": [
      0.825941726565361,
      0.8243355453014374,
      0.8195119500160217,
      0.8023040890693665,
      0.7761817425489426,
      0.7411099076271057,
      0.6986470520496368,
      0.6613814532756805,
      0.6130571812391281,
      0.5595838129520416,
      0.5053369551897049,
      0.44813957065343857,
      0.4041456952691078,
      0.37682198733091354,
      0.34636949747800827,
      0.3267277851700783,
      0.2532140240073204,
      0.23160125315189362,
      0.22750089690089226,
      0.1939094476401806,
      0.1509753167629242,
      0.14285925030708313,
      0.14987387135624886,
      0.23147818446159363,
      0.10144545324146748,
      0.09284593537449837,
      0.14658753387629986,
      0.09625682793557644,
      0.08915912918746471,
      0.18863913044333458
    ],
    "train_accuracies": [
      0.2204724409448819,
      0.25196850393700787,
      0.41732283464566927,
      0.5433070866141733,
      0.7007874015748031,
      0.8267716535433071,
      0.984251968503937,
      0.9448818897637795,
      0.9606299212598425,
      0.984251968503937,
      1.0,
      1.0,
      1.0,
      0.984251968503937,
      0.937007874015748,
      0.8976377952755905,
      1.0,
      0.984251968503937,
      0.952755905511811,
      0.968503937007874,
      1.0,
      0.9921259842519685,
      0.952755905511811,
      0.84251968503937,
      1.0,
      0.9921259842519685,
      0.952755905511811,
      0.984251968503937,
      0.9921259842519685,
      0.8661417322834646
    ],
    "val_losses": [
      0.8252806663513184,
      0.8253103494644165,
      0.8253299593925476,
      0.8253423571586609,
      0.8252696394920349,
      0.8249582648277283,
      0.8238673210144043,
      0.8202536106109619,
      0.8148820996284485,
      0.8010426759719849,
      0.7736426591873169,
      0.7301616668701172,
      0.6772274971008301,
      0.5918315649032593,
      0.5158209800720215,
      0.3942956328392029,
      0.37867647409439087,
      0.25140243768692017,
      0.25018125772476196,
      0.21462059020996094,
      0.2010972648859024,
      0.14911723136901855,
      0.14301347732543945,
      0.4544205963611603,
      0.16237695515155792,
      0.1687890887260437,
      0.1702541708946228,
      0.28120434284210205,
      0.1818213164806366,
      0.2084985077381134
    ],
    "val_accuracies": [
      0.25,
      0.25,
      0.25,
      0.25,
      0.25,
      0.25,
      0.25,
      0.4375,
      0.4375,
      0.6875,
      0.96875,
      0.9375,
      0.90625,
      0.9375,
      0.96875,
      0.9375,
      0.9375,
      0.96875,
      0.9375,
      0.9375,
      0.90625,
      0.96875,
      0.96875,
      0.71875,
      0.9375,
      0.9375,
      0.9375,
      0.8125,
      0.9375,
      0.875
    ],
    "learning_rates": [
      0.001,
      0.001,
      0.001,
      0.001,
      0.001,
      0.001,
      0.001,
      0.001,
      0.001,
      0.001,
      0.001,
      0.001,
      0.001,
      0.001,
      0.001,
      0.001,
      0.001,
      0.001,
      0.001,
      0.001,
      0.001,
      0.001,
      0.001,
      0.001,
      0.001,
      0.001,
      0.001,
      0.001,
      0.0003,
      0.0003
    ],
    "best_epoch": 22,
    "best_val_loss": 0.14301347732543945,
    "best_val_acc": 0.96875
  },
  "model_info": {
    "total_params": 7344004,
    "trainable_params": 7344004
  }
}