{
  "timestamp": "20250921_225328",
  "config": {
    "batch_size": 16,
    "learning_rate": 0.001,
    "weight_decay": 0.001,
    "num_epochs": 30,
    "patience": 8,
    "gradient_clip": 0.5,
    "use_focal_loss": true,
    "focal_alpha": 1.0,
    "focal_gamma": 3.0,
    "use_class_weights": true,
    "lr_scheduler": {
      "type": "ReduceLROnPlateau",
      "factor": 0.3,
      "patience": 4,
      "min_lr": 1e-07
    },
    "device": "cpu"
  },
  "training_results": {
    "train_losses": [
      0.8251315355300903,
      0.8215485960245132,
      0.8002928048372269,
      0.7751604616641998,
      0.7413046956062317,
      0.7026824504137039,
      0.6599543988704681,
      0.6136713773012161,
      0.5707420706748962,
      0.5117377862334251,
      0.47202180325984955,
      0.425974041223526,
      0.39822372049093246,
      0.3373073935508728,
      0.3108876571059227,
      0.2754899561405182,
      0.24721095338463783,
      0.21254181861877441,
      0.2575792446732521,
      0.16158777475357056,
      0.13973654061555862,
      0.16075509786605835,
      0.20082808658480644,
      0.12979080341756344,
      0.10492369718849659,
      0.08361499384045601,
      0.07879448495805264,
      0.08182107657194138,
      0.08718369156122208,
      0.058544084429740906
    ],
    "train_accuracies": [
      0.2755905511811024,
      0.31496062992125984,
      0.5433070866141733,
      0.7322834645669292,
      0.8031496062992126,
      0.937007874015748,
      0.968503937007874,
      0.9606299212598425,
      0.9133858267716536,
      1.0,
      0.9763779527559056,
      0.968503937007874,
      0.952755905511811,
      0.9921259842519685,
      0.984251968503937,
      0.9763779527559056,
      0.984251968503937,
      0.9921259842519685,
      0.889763779527559,
      1.0,
      1.0,
      0.9606299212598425,
      0.9133858267716536,
      0.9763779527559056,
      0.9921259842519685,
      1.0,
      1.0,
      0.9921259842519685,
      0.9763779527559056,
      1.0
    ],
    "val_losses": [
      0.8252962231636047,
      0.8253065347671509,
      0.8252923488616943,
      0.825272798538208,
      0.8252092003822327,
      0.8248900771141052,
      0.8233906626701355,
      0.8180473446846008,
      0.8124703168869019,
      0.7916390299797058,
      0.7695754766464233,
      0.7290093302726746,
      0.6511908769607544,
      0.560254693031311,
      0.47936487197875977,
      0.36532580852508545,
      0.2944348454475403,
      0.2514256238937378,
      0.2353624403476715,
      0.18521560728549957,
      0.17648851871490479,
      0.1640729010105133,
      0.3800070881843567,
      0.16736556589603424,
      0.11739388853311539,
      0.1175711452960968,
      0.09899435937404633,
      0.17342010140419006,
      0.10286135971546173,
      0.18051250278949738
    ],
    "val_accuracies": [
      0.25,
      0.25,
      0.25,
      0.25,
      0.25,
      0.25,
      0.4375,
      0.46875,
      0.4375,
      0.71875,
      0.78125,
      0.9375,
      0.9375,
      0.90625,
      0.9375,
      0.9375,
      0.9375,
      0.9375,
      0.9375,
      0.96875,
      0.9375,
      0.9375,
      0.8125,
      0.9375,
      0.9375,
      0.96875,
      0.96875,
      0.9375,
      0.96875,
      0.90625
    ],
    "learning_rates": [
      0.001,
      0.001,
      0.001,
      0.001,
      0.001,
      0.001,
      0.001,
      0.001,
      0.001,
      0.001,
      0.001,
      0.001,
      0.001,
      0.001,
      0.001,
      0.001,
      0.001,
      0.001,
      0.001,
      0.001,
      0.001,
      0.001,
      0.001,
      0.001,
      0.001,
      0.001,
      0.001,
      0.001,
      0.001,
      0.001
    ],
    "best_epoch": 26,
    "best_val_loss": 0.09899435937404633,
    "best_val_acc": 0.96875
  },
  "model_info": {
    "total_params": 7344004,
    "trainable_params": 7344004
  }
}