{
  "timestamp": "20250920_225524",
  "config": {
    "batch_size": 16,
    "learning_rate": 0.001,
    "weight_decay": 0.001,
    "num_epochs": 30,
    "patience": 8,
    "gradient_clip": 0.5,
    "use_focal_loss": true,
    "focal_alpha": 1.0,
    "focal_gamma": 3.0,
    "use_class_weights": true,
    "lr_scheduler": {
      "type": "ReduceLROnPlateau",
      "factor": 0.3,
      "patience": 4,
      "min_lr": 1e-07
    },
    "device": "cpu"
  },
  "training_results": {
    "train_losses": [
      0.8235204070806503,
      0.8089413642883301,
      0.7774526625871658,
      0.741875022649765,
      0.7032487690448761,
      0.6562705487012863,
      0.6131277531385422,
      0.5722649842500687,
      0.5105825066566467,
      0.4743690937757492,
      0.4294435605406761,
      0.37190287560224533,
      0.3270629793405533,
      0.3005162477493286,
      0.2575477212667465,
      0.22294968366622925,
      0.19080260768532753,
      0.1841506063938141,
      0.14942969754338264,
      0.18422561138868332,
      0.11548353545367718,
      0.173303734511137,
      0.11251314543187618,
      0.10179239511489868,
      0.14651672542095184,
      0.12804548256099224,
      0.09466869942843914,
      0.07165087386965752,
      0.06827613338828087,
      0.07104016281664371
    ],
    "train_accuracies": [
      0.2755905511811024,
      0.4566929133858268,
      0.6062992125984252,
      0.7007874015748031,
      0.8346456692913385,
      0.952755905511811,
      0.9448818897637795,
      0.937007874015748,
      0.9921259842519685,
      0.952755905511811,
      0.9448818897637795,
      1.0,
      1.0,
      0.9763779527559056,
      1.0,
      0.9921259842519685,
      1.0,
      0.984251968503937,
      1.0,
      0.9291338582677166,
      1.0,
      0.9291338582677166,
      0.9921259842519685,
      0.984251968503937,
      0.9212598425196851,
      0.9606299212598425,
      0.9763779527559056,
      1.0,
      0.9921259842519685,
      1.0
    ],
    "val_losses": [
      0.8253180980682373,
      0.8252800107002258,
      0.8252705335617065,
      0.8252418637275696,
      0.8250476717948914,
      0.8242968916893005,
      0.8218628764152527,
      0.8172533512115479,
      0.8072118759155273,
      0.7926617860794067,
      0.7904837131500244,
      0.7540013194084167,
      0.658279299736023,
      0.5691916942596436,
      0.4824844300746918,
      0.36791616678237915,
      0.2862291634082794,
      0.24894171953201294,
      0.2088886797428131,
      0.2066156566143036,
      0.1757090538740158,
      0.2603845000267029,
      0.2742726802825928,
      0.19519922137260437,
      0.23214727640151978,
      0.25863760709762573,
      0.2516220211982727,
      0.17187999188899994,
      0.13557401299476624,
      0.11871577799320221
    ],
    "val_accuracies": [
      0.25,
      0.25,
      0.25,
      0.25,
      0.25,
      0.25,
      0.25,
      0.25,
      0.40625,
      0.375,
      0.3125,
      0.53125,
      0.9375,
      0.96875,
      0.9375,
      0.90625,
      0.90625,
      0.90625,
      0.90625,
      0.875,
      0.9375,
      0.84375,
      0.875,
      0.90625,
      0.9375,
      0.84375,
      0.875,
      0.9375,
      0.9375,
      0.9375
    ],
    "learning_rates": [
      0.001,
      0.001,
      0.001,
      0.001,
      0.001,
      0.001,
      0.001,
      0.001,
      0.001,
      0.001,
      0.001,
      0.001,
      0.001,
      0.001,
      0.001,
      0.001,
      0.001,
      0.001,
      0.001,
      0.001,
      0.001,
      0.001,
      0.001,
      0.001,
      0.001,
      0.001,
      0.0003,
      0.0003,
      0.0003,
      0.0003
    ],
    "best_epoch": 29,
    "best_val_loss": 0.11871577799320221,
    "best_val_acc": 0.9375
  },
  "model_info": {
    "total_params": 7344004,
    "trainable_params": 7344004
  }
}