{
  "timestamp": "20250920_223240",
  "config": {
    "batch_size": 16,
    "learning_rate": 0.001,
    "weight_decay": 0.001,
    "num_epochs": 30,
    "patience": 8,
    "gradient_clip": 0.5,
    "use_focal_loss": true,
    "focal_alpha": 1.0,
    "focal_gamma": 3.0,
    "use_class_weights": true,
    "lr_scheduler": {
      "type": "ReduceLROnPlateau",
      "factor": 0.3,
      "patience": 4,
      "min_lr": 1e-07
    },
    "device": "cpu"
  },
  "training_results": {
    "train_losses": [
      0.8249398916959763,
      0.8189507126808167,
      0.7986245453357697,
      0.7686874270439148,
      0.7367788553237915,
      0.6981924325227737,
      0.6550196558237076,
      0.611205443739891,
      0.5573128163814545,
      0.5664176717400551,
      0.48244601488113403,
      0.4234091266989708,
      0.37398748099803925,
      0.3306461572647095,
      0.2861696034669876,
      0.24547544121742249,
      0.22990047931671143,
      0.21594839543104172,
      0.167623583227396,
      0.14895696938037872,
      0.3730677589774132,
      0.12150377593934536,
      0.24815910123288631,
      0.10304699279367924,
      0.11255598999559879,
      0.11526999063789845,
      0.09425799734890461,
      0.07644524239003658,
      0.08102578110992908,
      0.0723576731979847
    ],
    "train_accuracies": [
      0.23622047244094488,
      0.33070866141732286,
      0.5826771653543307,
      0.7480314960629921,
      0.7401574803149606,
      0.8346456692913385,
      0.937007874015748,
      0.952755905511811,
      0.9763779527559056,
      0.7637795275590551,
      0.8818897637795275,
      0.9921259842519685,
      0.9763779527559056,
      1.0,
      1.0,
      0.9921259842519685,
      0.9763779527559056,
      0.968503937007874,
      0.9921259842519685,
      1.0,
      0.7874015748031497,
      0.9921259842519685,
      0.8346456692913385,
      1.0,
      0.984251968503937,
      0.968503937007874,
      0.9763779527559056,
      0.9921259842519685,
      0.9921259842519685,
      1.0
    ],
    "val_losses": [
      0.8253011703491211,
      0.8253388404846191,
      0.8253295421600342,
      0.8253298997879028,
      0.8252263069152832,
      0.8246395587921143,
      0.8229271173477173,
      0.8190004825592041,
      0.8086742162704468,
      0.8092242479324341,
      0.7972509860992432,
      0.7559525370597839,
      0.6664584875106812,
      0.5587121248245239,
      0.47015345096588135,
      0.3823179602622986,
      0.4010772109031677,
      0.28257206082344055,
      0.2070501148700714,
      0.18233095109462738,
      0.5805777907371521,
      0.1553204357624054,
      0.36067765951156616,
      0.28056657314300537,
      0.2175801396369934,
      0.490489661693573,
      0.17202167212963104,
      0.16701149940490723,
      0.17855656147003174,
      0.1515604555606842
    ],
    "val_accuracies": [
      0.25,
      0.25,
      0.25,
      0.25,
      0.25,
      0.4375,
      0.25,
      0.34375,
      0.6875,
      0.3125,
      0.6875,
      0.6875,
      0.875,
      0.90625,
      0.875,
      0.9375,
      0.71875,
      0.90625,
      0.96875,
      0.9375,
      0.5,
      0.96875,
      0.75,
      0.84375,
      0.90625,
      0.65625,
      0.90625,
      0.9375,
      0.9375,
      0.9375
    ],
    "learning_rates": [
      0.001,
      0.001,
      0.001,
      0.001,
      0.001,
      0.001,
      0.001,
      0.001,
      0.001,
      0.001,
      0.001,
      0.001,
      0.001,
      0.001,
      0.001,
      0.001,
      0.001,
      0.001,
      0.001,
      0.001,
      0.001,
      0.001,
      0.001,
      0.001,
      0.001,
      0.001,
      0.001,
      0.0003,
      0.0003,
      0.0003
    ],
    "best_epoch": 29,
    "best_val_loss": 0.1515604555606842,
    "best_val_acc": 0.9375
  },
  "model_info": {
    "total_params": 7344004,
    "trainable_params": 7344004
  }
}