{
  "timestamp": "20250921_225225",
  "config": {
    "batch_size": 16,
    "learning_rate": 0.001,
    "weight_decay": 0.001,
    "num_epochs": 30,
    "patience": 8,
    "gradient_clip": 0.5,
    "use_focal_loss": true,
    "focal_alpha": 1.0,
    "focal_gamma": 3.0,
    "use_class_weights": true,
    "lr_scheduler": {
      "type": "ReduceLROnPlateau",
      "factor": 0.3,
      "patience": 4,
      "min_lr": 1e-07
    },
    "device": "cpu"
  },
  "training_results": {
    "train_losses": [
      0.827091783285141,
      0.8212230950593948,
      0.8086186498403549,
      0.7835398763418198,
      0.7514602392911911,
      0.731028288602829,
      0.6729602366685867,
      0.6355835944414139,
      0.5793261677026749,
      0.546196848154068,
      0.4818766415119171,
      0.4413357526063919,
      0.37937378138303757,
      0.4132307469844818,
      0.302834153175354,
      0.26662614941596985,
      0.23826994374394417,
      0.23323090374469757,
      0.1812288537621498,
      0.16303381323814392,
      0.13984397798776627,
      0.11985843628644943,
      0.2529309783130884,
      0.11617150716483593,
      0.09564139507710934,
      0.09620351158082485,
      0.1319719459861517,
      0.11127811297774315,
      0.08299359865486622,
      0.07589284516870975
    ],
    "train_accuracies": [
      0.25196850393700787,
      0.33858267716535434,
      0.49606299212598426,
      0.6377952755905512,
      0.7874015748031497,
      0.6299212598425197,
      0.937007874015748,
      0.9606299212598425,
      0.9606299212598425,
      0.9212598425196851,
      0.9921259842519685,
      0.9606299212598425,
      1.0,
      0.8503937007874016,
      0.984251968503937,
      1.0,
      0.9921259842519685,
      0.952755905511811,
      1.0,
      0.9921259842519685,
      1.0,
      1.0,
      0.8661417322834646,
      0.9763779527559056,
      0.9921259842519685,
      0.9921259842519685,
      0.968503937007874,
      0.968503937007874,
      0.984251968503937,
      0.9921259842519685
    ],
    "val_losses": [
      0.8253055214881897,
      0.8252913951873779,
      0.8253141641616821,
      0.8253341913223267,
      0.825229287147522,
      0.8250085115432739,
      0.8238669037818909,
      0.819117546081543,
      0.8110769987106323,
      0.8019484877586365,
      0.7746150493621826,
      0.739942193031311,
      0.6928094625473022,
      0.5903432369232178,
      0.550743818283081,
      0.4256803095340729,
      0.3449918031692505,
      0.2887168526649475,
      0.22702953219413757,
      0.2032347470521927,
      0.17455491423606873,
      0.18246400356292725,
      0.24213144183158875,
      0.2296711802482605,
      0.2297031432390213,
      0.20096346735954285,
      0.17517440021038055,
      0.21814751625061035,
      0.16621720790863037,
      0.2134104073047638
    ],
    "val_accuracies": [
      0.25,
      0.25,
      0.25,
      0.25,
      0.25,
      0.25,
      0.25,
      0.25,
      0.25,
      0.40625,
      0.90625,
      0.9375,
      0.9375,
      0.9375,
      0.875,
      0.9375,
      0.9375,
      0.9375,
      0.90625,
      0.9375,
      0.9375,
      0.9375,
      0.90625,
      0.90625,
      0.9375,
      0.9375,
      0.90625,
      0.9375,
      0.9375,
      0.9375
    ],
    "learning_rates": [
      0.001,
      0.001,
      0.001,
      0.001,
      0.001,
      0.001,
      0.001,
      0.001,
      0.001,
      0.001,
      0.001,
      0.001,
      0.001,
      0.001,
      0.001,
      0.001,
      0.001,
      0.001,
      0.001,
      0.001,
      0.001,
      0.001,
      0.001,
      0.001,
      0.001,
      0.001,
      0.0003,
      0.0003,
      0.0003,
      0.0003
    ],
    "best_epoch": 28,
    "best_val_loss": 0.16621720790863037,
    "best_val_acc": 0.9375
  },
  "model_info": {
    "total_params": 7344004,
    "trainable_params": 7344004
  }
}