{
  "accuracy": 0.8,
  "f1_score": 0.7911111111111111,
  "classification_report": {
    "0": {
      "precision": 1.0,
      "recall": 0.875,
      "f1-score": 0.9333333333333333,
      "support": 8.0
    },
    "1": {
      "precision": 0.5833333333333334,
      "recall": 0.875,
      "f1-score": 0.7,
      "support": 8.0
    },
    "2": {
      "precision": 0.6666666666666666,
      "recall": 0.3333333333333333,
      "f1-score": 0.4444444444444444,
      "support": 6.0
    },
    "3": {
      "precision": 1.0,
      "recall": 1.0,
      "f1-score": 1.0,
      "support": 8.0
    },
    "accuracy": 0.8,
    "macro avg": {
      "precision": 0.8125,
      "recall": 0.7708333333333334,
      "f1-score": 0.7694444444444444,
      "support": 30.0
    },
    "weighted avg": {
      "precision": 0.8222222222222223,
      "recall": 0.8,
      "f1-score": 0.7911111111111111,
      "support": 30.0
    }
  },
  "confusion_matrix": [
    [
      7,
      1,
      0,
      0
    ],
    [
      0,
      7,
      1,
      0
    ],
    [
      0,
      4,
      2,
      0
    ],
    [
      0,
      0,
      0,
      8
    ]
  ],
  "predictions": [
    2,
    1,
    1,
    2,
    0,
    3,
    1,
    3,
    1,
    0,
    2,
    1,
    3,
    1,
    0,
    3,
    1,
    1,
    3,
    0,
    1,
    3,
    1,
    3,
    3,
    1,
    0,
    0,
    0,
    1
  ],
  "targets": [
    2,
    1,
    1,
    2,
    0,
    3,
    2,
    3,
    2,
    0,
    1,
    0,
    3,
    1,
    0,
    3,
    2,
    1,
    3,
    0,
    1,
    3,
    1,
    3,
    3,
    2,
    0,
    0,
    0,
    1
  ],
  "uncertainty": {
    "avg_confidence": 0.882347583770752,
    "avg_entropy": 0.31691205501556396,
    "confidence_scores": [
      0.9299770593643188,
      0.9127134680747986,
      0.8935370445251465,
      0.9168614745140076,
      0.9983709454536438,
      0.9936791062355042,
      0.6684640645980835,
      0.9962189197540283,
      0.7301072478294373,
      0.9967144727706909,
      0.849365234375,
      0.738175630569458,
      0.9973206520080566,
      0.538196325302124,
      0.9686847925186157,
      0.9891747236251831
    ],
    "entropy_scores": [
      0.32304877042770386,
      0.37048205733299255,
      0.3698278069496155,
      0.34480977058410645,
      0.013621306046843529,
      0.044056326150894165,
      0.7626234292984009,
      0.028332894667983055,
      0.6403617262840271,
      0.02386469580233097,
      0.5417134761810303,
      0.5935013890266418,
      0.020262878388166428,
      0.7845761179924011,
      0.14763206243515015,
      0.06187848001718521
    ]
  }
}