{
  "concatenation": {
    "accuracy": 0.8,
    "f1_score": 0.7911111111111111,
    "classification_report": {
      "0": {
        "precision": 1.0,
        "recall": 0.875,
        "f1-score": 0.9333333333333333,
        "support": 8.0
      },
      "1": {
        "precision": 0.5833333333333334,
        "recall": 0.875,
        "f1-score": 0.7,
        "support": 8.0
      },
      "2": {
        "precision": 0.6666666666666666,
        "recall": 0.3333333333333333,
        "f1-score": 0.4444444444444444,
        "support": 6.0
      },
      "3": {
        "precision": 1.0,
        "recall": 1.0,
        "f1-score": 1.0,
        "support": 8.0
      },
      "accuracy": 0.8,
      "macro avg": {
        "precision": 0.8125,
        "recall": 0.7708333333333334,
        "f1-score": 0.7694444444444444,
        "support": 30.0
      },
      "weighted avg": {
        "precision": 0.8222222222222223,
        "recall": 0.8,
        "f1-score": 0.7911111111111111,
        "support": 30.0
      }
    },
    "uncertainty": {
      "avg_confidence": 0.882347583770752,
      "avg_entropy": 0.31691205501556396
    }
  },
  "attention": {
    "accuracy": 0.8666666666666667,
    "f1_score": 0.8666666666666667,
    "classification_report": {
      "0": {
        "precision": 1.0,
        "recall": 1.0,
        "f1-score": 1.0,
        "support": 8.0
      },
      "1": {
        "precision": 0.75,
        "recall": 0.75,
        "f1-score": 0.75,
        "support": 8.0
      },
      "2": {
        "precision": 0.6666666666666666,
        "recall": 0.6666666666666666,
        "f1-score": 0.6666666666666666,
        "support": 6.0
      },
      "3": {
        "precision": 1.0,
        "recall": 1.0,
        "f1-score": 1.0,
        "support": 8.0
      },
      "accuracy": 0.8666666666666667,
      "macro avg": {
        "precision": 0.8541666666666666,
        "recall": 0.8541666666666666,
        "f1-score": 0.8541666666666666,
        "support": 30.0
      },
      "weighted avg": {
        "precision": 0.8666666666666667,
        "recall": 0.8666666666666667,
        "f1-score": 0.8666666666666667,
        "support": 30.0
      }
    },
    "uncertainty": {
      "avg_confidence": 0.9165703058242798,
      "avg_entropy": 0.2634340524673462
    }
  },
  "ensemble": {
    "accuracy": 0.9666666666666667,
    "f1_score": 0.966131907308378,
    "classification_report": {
      "0": {
        "precision": 1.0,
        "recall": 1.0,
        "f1-score": 1.0,
        "support": 8.0
      },
      "1": {
        "precision": 0.8888888888888888,
        "recall": 1.0,
        "f1-score": 0.9411764705882353,
        "support": 8.0
      },
      "2": {
        "precision": 1.0,
        "recall": 0.8333333333333334,
        "f1-score": 0.9090909090909091,
        "support": 6.0
      },
      "3": {
        "precision": 1.0,
        "recall": 1.0,
        "f1-score": 1.0,
        "support": 8.0
      },
      "accuracy": 0.9666666666666667,
      "macro avg": {
        "precision": 0.9722222222222222,
        "recall": 0.9583333333333334,
        "f1-score": 0.9625668449197861,
        "support": 30.0
      },
      "weighted avg": {
        "precision": 0.9703703703703703,
        "recall": 0.9666666666666667,
        "f1-score": 0.966131907308378,
        "support": 30.0
      }
    },
    "uncertainty": {
      "avg_confidence": 0.7881726026535034,
      "avg_entropy": 0.5453097224235535
    }
  }
}