{
  "accuracy": 0.8666666666666667,
  "f1_score": 0.8666666666666667,
  "classification_report": {
    "0": {
      "precision": 1.0,
      "recall": 1.0,
      "f1-score": 1.0,
      "support": 8.0
    },
    "1": {
      "precision": 0.75,
      "recall": 0.75,
      "f1-score": 0.75,
      "support": 8.0
    },
    "2": {
      "precision": 0.6666666666666666,
      "recall": 0.6666666666666666,
      "f1-score": 0.6666666666666666,
      "support": 6.0
    },
    "3": {
      "precision": 1.0,
      "recall": 1.0,
      "f1-score": 1.0,
      "support": 8.0
    },
    "accuracy": 0.8666666666666667,
    "macro avg": {
      "precision": 0.8541666666666666,
      "recall": 0.8541666666666666,
      "f1-score": 0.8541666666666666,
      "support": 30.0
    },
    "weighted avg": {
      "precision": 0.8666666666666667,
      "recall": 0.8666666666666667,
      "f1-score": 0.8666666666666667,
      "support": 30.0
    }
  },
  "confusion_matrix": [
    [
      8,
      0,
      0,
      0
    ],
    [
      0,
      6,
      2,
      0
    ],
    [
      0,
      2,
      4,
      0
    ],
    [
      0,
      0,
      0,
      8
    ]
  ],
  "predictions": [
    2,
    1,
    2,
    2,
    0,
    3,
    2,
    3,
    1,
    0,
    2,
    0,
    3,
    1,
    0,
    3,
    1,
    1,
    3,
    0,
    1,
    3,
    1,
    3,
    3,
    2,
    0,
    0,
    0,
    1
  ],
  "targets": [
    2,
    1,
    1,
    2,
    0,
    3,
    2,
    3,
    2,
    0,
    1,
    0,
    3,
    1,
    0,
    3,
    2,
    1,
    3,
    0,
    1,
    3,
    1,
    3,
    3,
    2,
    0,
    0,
    0,
    1
  ],
  "uncertainty": {
    "avg_confidence": 0.9165703058242798,
    "avg_entropy": 0.2634340524673462,
    "confidence_scores": [
      0.9701050519943237,
      0.9104325175285339,
      0.8192031979560852,
      0.9221665859222412,
      0.9995017051696777,
      0.9981762766838074,
      0.9829860925674438,
      0.7550309896469116,
      0.6492649912834167,
      0.99855637550354,
      0.7907990217208862,
      0.9754441976547241,
      0.9992387890815735,
      0.9007939100265503,
      0.9972493648529053,
      0.9961754083633423
    ],
    "entropy_scores": [
      0.15492407977581024,
      0.37357452511787415,
      0.5614170432090759,
      0.33459457755088806,
      0.004745262209326029,
      0.01468636468052864,
      0.09489656239748001,
      0.7256063222885132,
      0.7352408170700073,
      0.012079543434083462,
      0.6657553911209106,
      0.12164298444986343,
      0.007049663923680782,
      0.3615301549434662,
      0.02094852179288864,
      0.02625322714447975
    ]
  }
}