{
  "accuracy": 0.9666666666666667,
  "f1_score": 0.966131907308378,
  "classification_report": {
    "0": {
      "precision": 1.0,
      "recall": 1.0,
      "f1-score": 1.0,
      "support": 8.0
    },
    "1": {
      "precision": 0.8888888888888888,
      "recall": 1.0,
      "f1-score": 0.9411764705882353,
      "support": 8.0
    },
    "2": {
      "precision": 1.0,
      "recall": 0.8333333333333334,
      "f1-score": 0.9090909090909091,
      "support": 6.0
    },
    "3": {
      "precision": 1.0,
      "recall": 1.0,
      "f1-score": 1.0,
      "support": 8.0
    },
    "accuracy": 0.9666666666666667,
    "macro avg": {
      "precision": 0.9722222222222222,
      "recall": 0.9583333333333334,
      "f1-score": 0.9625668449197861,
      "support": 30.0
    },
    "weighted avg": {
      "precision": 0.9703703703703703,
      "recall": 0.9666666666666667,
      "f1-score": 0.966131907308378,
      "support": 30.0
    }
  },
  "confusion_matrix": [
    [
      8,
      0,
      0,
      0
    ],
    [
      0,
      8,
      0,
      0
    ],
    [
      0,
      1,
      5,
      0
    ],
    [
      0,
      0,
      0,
      8
    ]
  ],
  "predictions": [
    2,
    1,
    1,
    2,
    0,
    3,
    2,
    3,
    1,
    0,
    1,
    0,
    3,
    1,
    0,
    3,
    2,
    1,
    3,
    0,
    1,
    3,
    1,
    3,
    3,
    2,
    0,
    0,
    0,
    1
  ],
  "targets": [
    2,
    1,
    1,
    2,
    0,
    3,
    2,
    3,
    2,
    0,
    1,
    0,
    3,
    1,
    0,
    3,
    2,
    1,
    3,
    0,
    1,
    3,
    1,
    3,
    3,
    2,
    0,
    0,
    0,
    1
  ],
  "uncertainty": {
    "avg_confidence": 0.7881726026535034,
    "avg_entropy": 0.5453097224235535,
    "confidence_scores": [
      0.9310023784637451,
      0.5182484984397888,
      0.4707118272781372,
      0.6620256304740906,
      0.9339067935943604,
      0.9638683795928955,
      0.735380232334137,
      0.9851477742195129,
      0.8857021331787109,
      0.6924926042556763,
      0.38052359223365784,
      0.942879319190979,
      0.938008189201355,
      0.6330416202545166,
      0.957807719707489,
      0.9800155758857727
    ],
    "entropy_scores": [
      0.3224232792854309,
      1.078314185142517,
      1.0131911039352417,
      0.9159923195838928,
      0.2939937710762024,
      0.1909646987915039,
      0.7776551246643066,
      0.08833330869674683,
      0.43563249707221985,
      0.7630960941314697,
      1.1704504489898682,
      0.24442240595817566,
      0.2845265567302704,
      0.8333282470703125,
      0.1986323893070221,
      0.11399921774864197
    ]
  }
}