{
  "test_accuracy": 0.5420560747663551,
  "best_val_accuracy": 0.5747663551401869,
  "total_parameters": 7067779,
  "feature_reduction": {
    "original_features": 38847,
    "selected_features": 5000,
    "reduction_percent": 87.12899322985044
  },
  "regularization_config": {
    "dropout": 0.5,
    "weight_decay": 0.0001,
    "early_stopping_patience": 5,
    "focal_loss_gamma": 2,
    "feature_selection_top_k": 5000
  },
  "training_history": {
    "train_losses": [
      0.6177250219786421,
      0.5031231851019757,
      0.37676419412836115,
      0.31081970479894194,
      0.2624987818776293,
      0.21312853582996003,
      0.15460231099674043
    ],
    "val_losses": [
      0.9044180086680821,
      0.8605528473854065,
      1.1270872780254908,
      1.4400096195084708,
      1.4213453871863229,
      1.5374198002474648,
      1.9461965646062578
    ],
    "val_accuracies": [
      0.4953271028037383,
      0.5747663551401869,
      0.5607476635514018,
      0.5490654205607477,
      0.5373831775700935,
      0.530373831775701,
      0.530373831775701
    ],
    "learning_rates": [
      0.001,
      0.001,
      0.001,
      0.001,
      0.001,
      0.0005,
      0.0005
    ]
  },
  "classification_report": {
    "DOWN": {
      "precision": 0.7709677419354839,
      "recall": 0.6732394366197183,
      "f1-score": 0.718796992481203,
      "support": 355.0
    },
    "STABLE": {
      "precision": 0.38164251207729466,
      "recall": 0.4388888888888889,
      "f1-score": 0.4082687338501292,
      "support": 180.0
    },
    "UP": {
      "precision": 0.4306784660766962,
      "recall": 0.45482866043613707,
      "f1-score": 0.44242424242424244,
      "support": 321.0
    },
    "accuracy": 0.5420560747663551,
    "macro avg": {
      "precision": 0.5277629066964916,
      "recall": 0.5223189953149148,
      "f1-score": 0.5231633229185249,
      "support": 856.0
    },
    "weighted avg": {
      "precision": 0.5614918086117164,
      "recall": 0.5420560747663551,
      "f1-score": 0.5498592128995702,
      "support": 856.0
    }
  },
  "training_timestamp": "2025-09-12T12:38:55.507626"
}