{
  "train_losses": [
    1.624910553296407,
    1.543340007464091,
    1.5476200183232625,
    1.6058906714121501,
    1.5493366320927937,
    1.5309869448343914,
    1.604819933573405,
    1.5514835119247437,
    1.6143030325571697,
    1.4803296327590942
  ],
  "train_accs": [
    0.25,
    0.3055555555555556,
    0.3055555555555556,
    0.3055555555555556,
    0.3055555555555556,
    0.3055555555555556,
    0.3055555555555556,
    0.3055555555555556,
    0.3055555555555556,
    0.3055555555555556
  ],
  "val_losses": [
    1.612536072731018,
    1.5946475267410278,
    1.5894310474395752,
    1.571804165840149,
    1.554236650466919,
    1.5480011701583862,
    1.5469682216644287,
    1.5499374866485596,
    1.5454717874526978,
    1.5446809530258179
  ],
  "val_accs": [
    0.14285714285714285,
    0.14285714285714285,
    0.14285714285714285,
    0.14285714285714285,
    0.14285714285714285,
    0.14285714285714285,
    0.14285714285714285,
    0.14285714285714285,
    0.14285714285714285,
    0.14285714285714285
  ],
  "best_val_acc": 0.14285714285714285,
  "test_acc": 0.14285714285714285,
  "test_f1": 0.03571428571428571,
  "args": {
    "dataset": "small_synthetic",
    "epochs": 10,
    "batch_size": 16,
    "learning_rate": 0.001,
    "hidden_dims": [
      256,
      128,
      64
    ],
    "dropout": 0.3,
    "conv_type": "GCN",
    "patience": 20,
    "save_dir": "models/synthetic_gnn"
  }
}