{
  "train_losses": [
    1.63540141923087,
    1.6158566985811507,
    1.609947579247611,
    1.6147828613008772,
    1.6165106637137276,
    1.6126367364610945,
    1.6089261089052473,
    1.609739933695112,
    1.6103510345731462,
    1.6098431859697615
  ],
  "train_accs": [
    0.19811320754716982,
    0.1320754716981132,
    0.16037735849056603,
    0.20754716981132076,
    0.20754716981132076,
    0.20754716981132076,
    0.16981132075471697,
    0.1792452830188679,
    0.20754716981132076,
    0.19811320754716982
  ],
  "val_losses": [
    1.6496711373329163,
    1.6082570552825928,
    1.5939183831214905,
    1.5885310173034668,
    1.6043168902397156,
    1.6103654503822327,
    1.6129635572433472,
    1.6143564581871033,
    1.6138210892677307,
    1.6074389219284058
  ],
  "val_accs": [
    0.18181818181818182,
    0.18181818181818182,
    0.18181818181818182,
    0.22727272727272727,
    0.22727272727272727,
    0.22727272727272727,
    0.18181818181818182,
    0.18181818181818182,
    0.18181818181818182,
    0.18181818181818182
  ],
  "best_val_acc": 0.22727272727272727,
  "test_acc": 0.13636363636363635,
  "test_f1": 0.03272727272727272,
  "args": {
    "dataset": "medium_synthetic",
    "epochs": 10,
    "batch_size": 16,
    "learning_rate": 0.001,
    "hidden_dims": [
      256,
      128,
      64
    ],
    "dropout": 0.3,
    "conv_type": "GCN",
    "patience": 20,
    "save_dir": "models/synthetic_gnn"
  }
}