{
  "train_losses": [
    1.6207062261445182,
    1.5949895296777998,
    1.5977465169770377,
    1.5997921654156275,
    1.5980108635766166,
    1.603232204914093,
    1.5832172632217407,
    1.6015221987451826,
    1.602524561541421,
    1.5894778881754195,
    1.6008877924510412,
    1.609099132674081,
    1.5972259640693665,
    1.5844814947673254,
    1.5744274684361048
  ],
  "train_accs": [
    0.20952380952380953,
    0.21428571428571427,
    0.23809523809523808,
    0.24285714285714285,
    0.19523809523809524,
    0.21904761904761905,
    0.21428571428571427,
    0.23333333333333334,
    0.21904761904761905,
    0.22380952380952382,
    0.22380952380952382,
    0.23809523809523808,
    0.23333333333333334,
    0.23333333333333334,
    0.3238095238095238
  ],
  "val_losses": [
    1.604540268580119,
    1.6060541073481243,
    1.605478326479594,
    1.6140167713165283,
    1.6202048063278198,
    1.6174887418746948,
    1.612528642018636,
    1.616407831509908,
    1.6043570041656494,
    1.6141826311747234,
    1.6037416855494182,
    1.6046023766199748,
    1.6067081689834595,
    1.607956091562907,
    1.6358218590418498
  ],
  "val_accs": [
    0.2222222222222222,
    0.2222222222222222,
    0.2222222222222222,
    0.2222222222222222,
    0.2222222222222222,
    0.2222222222222222,
    0.2222222222222222,
    0.2222222222222222,
    0.2222222222222222,
    0.2222222222222222,
    0.2222222222222222,
    0.2222222222222222,
    0.2222222222222222,
    0.2222222222222222,
    0.2222222222222222
  ],
  "best_val_acc": 0.2222222222222222,
  "test_acc": 0.17777777777777778,
  "test_f1": 0.053668763102725364,
  "args": {
    "dataset": "large_synthetic",
    "epochs": 15,
    "batch_size": 16,
    "learning_rate": 0.001,
    "hidden_dims": [
      256,
      128,
      64
    ],
    "dropout": 0.3,
    "conv_type": "GAT",
    "patience": 20,
    "save_dir": "models/synthetic_gnn"
  }
}