{
  "train_losses": [
    1.6091871176447188,
    1.6084836721420288,
    1.6047219634056091,
    1.6016061220850264,
    1.6030604072979517,
    1.5986840043749129,
    1.6066000717026847,
    1.617922842502594,
    1.6009369662829809,
    1.6045952354158675,
    1.5925936358315604,
    1.5917568036488123,
    1.5886587415422713,
    1.5951291067259652,
    1.6104473982538496
  ],
  "train_accs": [
    0.22380952380952382,
    0.24285714285714285,
    0.23809523809523808,
    0.23809523809523808,
    0.2523809523809524,
    0.23333333333333334,
    0.23333333333333334,
    0.19523809523809524,
    0.23333333333333334,
    0.23333333333333334,
    0.23333333333333334,
    0.19523809523809524,
    0.23333333333333334,
    0.23333333333333334,
    0.19047619047619047
  ],
  "val_losses": [
    1.6018497546513875,
    1.6050137678782146,
    1.600538730621338,
    1.6034733454386394,
    1.6042133967081706,
    1.6027240753173828,
    1.6018193165461223,
    1.6022065877914429,
    1.5989986260732014,
    1.5996526877085369,
    1.6014821926752727,
    1.6018559137980144,
    1.604121724764506,
    1.60582701365153,
    1.6045758724212646
  ],
  "val_accs": [
    0.2,
    0.2,
    0.2,
    0.2,
    0.2222222222222222,
    0.2222222222222222,
    0.2222222222222222,
    0.2222222222222222,
    0.2222222222222222,
    0.2,
    0.2,
    0.2222222222222222,
    0.2,
    0.2,
    0.2222222222222222
  ],
  "best_val_acc": 0.2222222222222222,
  "test_acc": 0.2222222222222222,
  "test_f1": 0.08080808080808081,
  "args": {
    "dataset": "large_synthetic",
    "epochs": 15,
    "batch_size": 16,
    "learning_rate": 0.001,
    "hidden_dims": [
      256,
      128,
      64
    ],
    "dropout": 0.3,
    "conv_type": "GCN",
    "patience": 20,
    "save_dir": "models/synthetic_gnn"
  }
}