{
  "accuracy": 0.9375,
  "f1_score": 0.9388888888888889,
  "classification_report": {
    "0": {
      "precision": 1.0,
      "recall": 1.0,
      "f1-score": 1.0,
      "support": 8.0
    },
    "1": {
      "precision": 1.0,
      "recall": 0.875,
      "f1-score": 0.9333333333333333,
      "support": 8.0
    },
    "2": {
      "precision": 0.8,
      "recall": 1.0,
      "f1-score": 0.8888888888888888,
      "support": 8.0
    },
    "3": {
      "precision": 1.0,
      "recall": 0.875,
      "f1-score": 0.9333333333333333,
      "support": 8.0
    },
    "accuracy": 0.9375,
    "macro avg": {
      "precision": 0.95,
      "recall": 0.9375,
      "f1-score": 0.9388888888888889,
      "support": 32.0
    },
    "weighted avg": {
      "precision": 0.95,
      "recall": 0.9375,
      "f1-score": 0.9388888888888889,
      "support": 32.0
    }
  },
  "confusion_matrix": [
    [
      8,
      0,
      0,
      0
    ],
    [
      0,
      7,
      1,
      0
    ],
    [
      0,
      0,
      8,
      0
    ],
    [
      0,
      0,
      1,
      7
    ]
  ],
  "predictions": [
    3,
    2,
    1,
    2,
    1,
    2,
    2,
    3,
    0,
    1,
    3,
    1,
    0,
    2,
    2,
    0,
    3,
    1,
    3,
    3,
    0,
    2,
    1,
    2,
    3,
    2,
    1,
    0,
    2,
    0,
    0,
    0
  ],
  "targets": [
    3,
    2,
    1,
    1,
    1,
    2,
    2,
    3,
    0,
    1,
    3,
    1,
    0,
    2,
    2,
    0,
    3,
    1,
    3,
    3,
    0,
    2,
    1,
    2,
    3,
    3,
    1,
    0,
    2,
    0,
    0,
    0
  ],
  "uncertainty": {
    "avg_confidence": 0.8555706143379211,
    "avg_entropy": 0.46220266819000244,
    "confidence_scores": [
      0.9975515007972717,
      0.9144960641860962,
      0.6386043429374695,
      0.6518914103507996,
      0.9673278331756592,
      0.8652212619781494,
      0.935447633266449,
      0.9393163919448853,
      0.828889012336731,
      0.7685984969139099,
      0.7911207675933838,
      0.9414014220237732,
      0.9187756180763245,
      0.8276488780975342,
      0.803393542766571,
      0.8994458913803101
    ],
    "entropy_scores": [
      0.019419033080339432,
      0.339316189289093,
      0.8394702672958374,
      0.901092529296875,
      0.16857367753982544,
      0.510018527507782,
      0.29508841037750244,
      0.29193875193595886,
      0.5637694597244263,
      0.7020153999328613,
      0.6361891031265259,
      0.2848863899707794,
      0.3143545389175415,
      0.5631051063537598,
      0.5666708946228027,
      0.3993343412876129
    ]
  }
}