{
  "accuracy": 0.875,
  "f1_score": 0.8745098039215686,
  "classification_report": {
    "0": {
      "precision": 0.8888888888888888,
      "recall": 1.0,
      "f1-score": 0.9411764705882353,
      "support": 8.0
    },
    "1": {
      "precision": 1.0,
      "recall": 0.875,
      "f1-score": 0.9333333333333333,
      "support": 8.0
    },
    "2": {
      "precision": 0.8571428571428571,
      "recall": 0.75,
      "f1-score": 0.8,
      "support": 8.0
    },
    "3": {
      "precision": 0.7777777777777778,
      "recall": 0.875,
      "f1-score": 0.8235294117647058,
      "support": 8.0
    },
    "accuracy": 0.875,
    "macro avg": {
      "precision": 0.8809523809523809,
      "recall": 0.875,
      "f1-score": 0.8745098039215686,
      "support": 32.0
    },
    "weighted avg": {
      "precision": 0.8809523809523809,
      "recall": 0.875,
      "f1-score": 0.8745098039215686,
      "support": 32.0
    }
  },
  "confusion_matrix": [
    [
      8,
      0,
      0,
      0
    ],
    [
      1,
      7,
      0,
      0
    ],
    [
      0,
      0,
      6,
      2
    ],
    [
      0,
      0,
      1,
      7
    ]
  ],
  "predictions": [
    3,
    2,
    1,
    0,
    1,
    2,
    3,
    3,
    0,
    1,
    3,
    1,
    0,
    2,
    2,
    0,
    3,
    1,
    3,
    3,
    0,
    2,
    1,
    3,
    3,
    2,
    1,
    0,
    2,
    0,
    0,
    0
  ],
  "targets": [
    3,
    2,
    1,
    1,
    1,
    2,
    2,
    3,
    0,
    1,
    3,
    1,
    0,
    2,
    2,
    0,
    3,
    1,
    3,
    3,
    0,
    2,
    1,
    2,
    3,
    3,
    1,
    0,
    2,
    0,
    0,
    0
  ],
  "uncertainty": {
    "avg_confidence": 0.943794310092926,
    "avg_entropy": 0.20587052404880524,
    "confidence_scores": [
      0.9989909529685974,
      0.9958451986312866,
      0.9949484467506409,
      0.9616947174072266,
      0.8890021443367004,
      0.9512901306152344,
      0.6720833778381348,
      0.973205029964447,
      0.9890958666801453,
      0.9474472999572754,
      0.9391708374023438,
      0.9975125193595886,
      0.9952701330184937,
      0.8337934613227844,
      0.9821634888648987,
      0.9791948795318604
    ],
    "entropy_scores": [
      0.008988697081804276,
      0.031036969274282455,
      0.03621887415647507,
      0.19998270273208618,
      0.4313730299472809,
      0.21542710065841675,
      0.8642961978912354,
      0.14904460310935974,
      0.07117682695388794,
      0.25035643577575684,
      0.24985076487064362,
      0.0200323648750782,
      0.03306431695818901,
      0.5292971134185791,
      0.09441005438566208,
      0.10937231034040451
    ]
  }
}