{
  "accuracy": 0.875,
  "f1_score": 0.8745098039215686,
  "classification_report": {
    "0": {
      "precision": 0.8888888888888888,
      "recall": 1.0,
      "f1-score": 0.9411764705882353,
      "support": 8.0
    },
    "1": {
      "precision": 1.0,
      "recall": 0.875,
      "f1-score": 0.9333333333333333,
      "support": 8.0
    },
    "2": {
      "precision": 0.8571428571428571,
      "recall": 0.75,
      "f1-score": 0.8,
      "support": 8.0
    },
    "3": {
      "precision": 0.7777777777777778,
      "recall": 0.875,
      "f1-score": 0.8235294117647058,
      "support": 8.0
    },
    "accuracy": 0.875,
    "macro avg": {
      "precision": 0.8809523809523809,
      "recall": 0.875,
      "f1-score": 0.8745098039215686,
      "support": 32.0
    },
    "weighted avg": {
      "precision": 0.8809523809523809,
      "recall": 0.875,
      "f1-score": 0.8745098039215686,
      "support": 32.0
    }
  },
  "confusion_matrix": [
    [
      8,
      0,
      0,
      0
    ],
    [
      1,
      7,
      0,
      0
    ],
    [
      0,
      0,
      6,
      2
    ],
    [
      0,
      0,
      1,
      7
    ]
  ],
  "predictions": [
    3,
    2,
    1,
    0,
    1,
    2,
    3,
    3,
    0,
    1,
    3,
    1,
    0,
    2,
    2,
    0,
    3,
    1,
    3,
    3,
    0,
    2,
    1,
    3,
    3,
    2,
    1,
    0,
    2,
    0,
    0,
    0
  ],
  "targets": [
    3,
    2,
    1,
    1,
    1,
    2,
    2,
    3,
    0,
    1,
    3,
    1,
    0,
    2,
    2,
    0,
    3,
    1,
    3,
    3,
    0,
    2,
    1,
    2,
    3,
    3,
    1,
    0,
    2,
    0,
    0,
    0
  ],
  "uncertainty": {
    "avg_confidence": 0.8919010162353516,
    "avg_entropy": 0.2984989583492279,
    "confidence_scores": [
      0.9986493587493896,
      0.991532564163208,
      0.9125374555587769,
      0.737235426902771,
      0.9917056560516357,
      0.9494588971138,
      0.4968377351760864,
      0.9748887419700623,
      0.8615226149559021,
      0.8676127791404724,
      0.9713355898857117,
      0.9814543724060059,
      0.9765191674232483,
      0.9048450589179993,
      0.6596130132675171,
      0.9946674108505249
    ],
    "entropy_scores": [
      0.011623866856098175,
      0.0572020560503006,
      0.34073406457901,
      0.7788733839988708,
      0.05711234360933304,
      0.24452853202819824,
      0.8589127063751221,
      0.1416882574558258,
      0.4193892478942871,
      0.426078200340271,
      0.14508849382400513,
      0.10977943241596222,
      0.12022563070058823,
      0.34764978289604187,
      0.6793385744094849,
      0.03775878623127937
    ]
  }
}