{
  "concatenation": {
    "accuracy": 0.875,
    "f1_score": 0.8745098039215686,
    "classification_report": {
      "0": {
        "precision": 0.8888888888888888,
        "recall": 1.0,
        "f1-score": 0.9411764705882353,
        "support": 8.0
      },
      "1": {
        "precision": 1.0,
        "recall": 0.875,
        "f1-score": 0.9333333333333333,
        "support": 8.0
      },
      "2": {
        "precision": 0.8571428571428571,
        "recall": 0.75,
        "f1-score": 0.8,
        "support": 8.0
      },
      "3": {
        "precision": 0.7777777777777778,
        "recall": 0.875,
        "f1-score": 0.8235294117647058,
        "support": 8.0
      },
      "accuracy": 0.875,
      "macro avg": {
        "precision": 0.8809523809523809,
        "recall": 0.875,
        "f1-score": 0.8745098039215686,
        "support": 32.0
      },
      "weighted avg": {
        "precision": 0.8809523809523809,
        "recall": 0.875,
        "f1-score": 0.8745098039215686,
        "support": 32.0
      }
    },
    "uncertainty": {
      "avg_confidence": 0.8919010162353516,
      "avg_entropy": 0.2984989583492279
    }
  },
  "attention": {
    "accuracy": 0.875,
    "f1_score": 0.8745098039215686,
    "classification_report": {
      "0": {
        "precision": 0.8888888888888888,
        "recall": 1.0,
        "f1-score": 0.9411764705882353,
        "support": 8.0
      },
      "1": {
        "precision": 1.0,
        "recall": 0.875,
        "f1-score": 0.9333333333333333,
        "support": 8.0
      },
      "2": {
        "precision": 0.8571428571428571,
        "recall": 0.75,
        "f1-score": 0.8,
        "support": 8.0
      },
      "3": {
        "precision": 0.7777777777777778,
        "recall": 0.875,
        "f1-score": 0.8235294117647058,
        "support": 8.0
      },
      "accuracy": 0.875,
      "macro avg": {
        "precision": 0.8809523809523809,
        "recall": 0.875,
        "f1-score": 0.8745098039215686,
        "support": 32.0
      },
      "weighted avg": {
        "precision": 0.8809523809523809,
        "recall": 0.875,
        "f1-score": 0.8745098039215686,
        "support": 32.0
      }
    },
    "uncertainty": {
      "avg_confidence": 0.943794310092926,
      "avg_entropy": 0.20587052404880524
    }
  },
  "ensemble": {
    "accuracy": 0.9375,
    "f1_score": 0.9388888888888889,
    "classification_report": {
      "0": {
        "precision": 1.0,
        "recall": 1.0,
        "f1-score": 1.0,
        "support": 8.0
      },
      "1": {
        "precision": 1.0,
        "recall": 0.875,
        "f1-score": 0.9333333333333333,
        "support": 8.0
      },
      "2": {
        "precision": 0.8,
        "recall": 1.0,
        "f1-score": 0.8888888888888888,
        "support": 8.0
      },
      "3": {
        "precision": 1.0,
        "recall": 0.875,
        "f1-score": 0.9333333333333333,
        "support": 8.0
      },
      "accuracy": 0.9375,
      "macro avg": {
        "precision": 0.95,
        "recall": 0.9375,
        "f1-score": 0.9388888888888889,
        "support": 32.0
      },
      "weighted avg": {
        "precision": 0.95,
        "recall": 0.9375,
        "f1-score": 0.9388888888888889,
        "support": 32.0
      }
    },
    "uncertainty": {
      "avg_confidence": 0.8555706143379211,
      "avg_entropy": 0.46220266819000244
    }
  }
}